<?xml version="1.0" encoding="UTF-8"?>
<plannerBenchmark>
  <benchmarkDirectory>local/data/nurserostering/long</benchmarkDirectory>
  <parallelBenchmarkCount>AUTO</parallelBenchmarkCount>

  <inheritedSolverBenchmark>
    <problemBenchmarks>
      <xStreamAnnotatedClass>org.optaplanner.examples.nurserostering.domain.NurseRoster</xStreamAnnotatedClass>
      <inputSolutionFile>data/nurserostering/unsolved/long01.xml</inputSolutionFile>
      <inputSolutionFile>data/nurserostering/unsolved/long02.xml</inputSolutionFile>
      <!--<inputSolutionFile>data/nurserostering/unsolved/long03.xml</inputSolutionFile>-->
      <!--<inputSolutionFile>data/nurserostering/unsolved/long04.xml</inputSolutionFile>-->
      <!--<inputSolutionFile>data/nurserostering/unsolved/long05.xml</inputSolutionFile>-->
      <inputSolutionFile>data/nurserostering/unsolved/long_hint01.xml</inputSolutionFile>
      <inputSolutionFile>data/nurserostering/unsolved/long_hint02.xml</inputSolutionFile>
      <!--<inputSolutionFile>data/nurserostering/unsolved/long_hint03.xml</inputSolutionFile>-->
      <!--<inputSolutionFile>data/nurserostering/unsolved/long_late01.xml</inputSolutionFile>-->
      <!--<inputSolutionFile>data/nurserostering/unsolved/long_late02.xml</inputSolutionFile>-->
      <!--<inputSolutionFile>data/nurserostering/unsolved/long_late03.xml</inputSolutionFile>-->
      <!--<inputSolutionFile>data/nurserostering/unsolved/long_late04.xml</inputSolutionFile>-->
      <!--<inputSolutionFile>data/nurserostering/unsolved/long_late05.xml</inputSolutionFile>-->
      <!--<problemStatisticType>BEST_SCORE</problemStatisticType>-->
      <!--<problemStatisticType>STEP_SCORE</problemStatisticType>-->
      <!--<problemStatisticType>SCORE_CALCULATION_SPEED</problemStatisticType>-->
      <!--<problemStatisticType>BEST_SOLUTION_MUTATION</problemStatisticType>-->
      <!--<problemStatisticType>MOVE_COUNT_PER_STEP</problemStatisticType>-->
      <!--<problemStatisticType>MEMORY_USE</problemStatisticType>-->
      <!--<singleStatisticType>CONSTRAINT_MATCH_TOTAL_BEST_SCORE</singleStatisticType>-->
      <!--<singleStatisticType>CONSTRAINT_MATCH_TOTAL_STEP_SCORE</singleStatisticType>-->
      <!--<singleStatisticType>PICKED_MOVE_TYPE_BEST_SCORE_DIFF</singleStatisticType>-->
      <!--<singleStatisticType>PICKED_MOVE_TYPE_STEP_SCORE_DIFF</singleStatisticType>-->
    </problemBenchmarks>

    <solver>
      <solutionClass>org.optaplanner.examples.nurserostering.domain.NurseRoster</solutionClass>
      <entityClass>org.optaplanner.examples.nurserostering.domain.ShiftAssignment</entityClass>
      <scoreDirectorFactory>
        <scoreDrl>org/optaplanner/examples/nurserostering/solver/nurseRosteringScoreRules.drl</scoreDrl>
      </scoreDirectorFactory>
      <termination>
        <minutesSpentLimit>5</minutesSpentLimit>
      </termination>
    </solver>
  </inheritedSolverBenchmark>

  <solverBenchmark>
    <name>absolute300SeqLength2and3PillarPart</name>
    <solver>
      <constructionHeuristic>
        <constructionHeuristicType>WEAKEST_FIT</constructionHeuristicType>
      </constructionHeuristic>
      <localSearch>
        <unionMoveSelector>
          <moveListFactory>
            <cacheType>PHASE</cacheType>
            <moveListFactoryClass>org.optaplanner.examples.nurserostering.solver.move.factory.EmployeeChangeMoveFactory</moveListFactoryClass>
          </moveListFactory>
          <moveListFactory>
            <cacheType>PHASE</cacheType>
            <moveListFactoryClass>org.optaplanner.examples.nurserostering.solver.move.factory.ShiftAssignmentSwapMoveFactory</moveListFactoryClass>
          </moveListFactory>
          <moveListFactory>
            <cacheType>STEP</cacheType>
            <moveListFactoryClass>org.optaplanner.examples.nurserostering.solver.move.factory.ShiftAssignmentPillarPartSwapMoveFactory</moveListFactoryClass>
          </moveListFactory>
          <moveListFactory>
          <cacheType>STEP</cacheType>
          <moveListFactoryClass>org.optaplanner.examples.nurserostering.solver.move.factory.ShiftAssignmentSequenceSwitchLength2MoveFactory</moveListFactoryClass>
          </moveListFactory>
          <moveListFactory>
          <cacheType>STEP</cacheType>
          <moveListFactoryClass>org.optaplanner.examples.nurserostering.solver.move.factory.ShiftAssignmentSequenceSwitchLength3MoveFactory</moveListFactoryClass>
          </moveListFactory>
        </unionMoveSelector>
        <acceptor>
          <entityTabuSize>11</entityTabuSize>
        </acceptor>
        <forager>
          <acceptedCountLimit>1100</acceptedCountLimit>
        </forager>
      </localSearch>
    </solver>
  </solverBenchmark>
</plannerBenchmark>
